column1,name,playtime_forever_count,playtime_forever_mean,playtime_forever_median,playtime_forever_max,playtime_forever_min,playtime_forever_std,playtime_forever_cv,playtime_forever,price,genres,developers,publishers,categories,release_date,hours_per_dollar
8934,DeadIslandRiptideDefinitiveEdition,3,37,6,105,0,58.96609115600586,1.5936781167984009,6,19,['Action'],['Techland'],['DeepSilver'],"['Single-player', 'Multi-player', 'Co-op', 'OnlineCo-op', 'SteamAchievements', 'Fullcontrollersupport', 'SteamTradingCards', 'Captionsavailable', 'SteamCloud', 'Stats', 'FamilySharing']","May31,2016",3.1666666666666665
20067,SNOW,4,236.75,5.5,936,0,466.19549560546875,1.9691468477249146,0,14,"['Casual', 'Indie', 'Simulation', 'Sports']","['PoppermostProductions', 'WastedStudios', 'Crytek']",['Crytek'],"['Single-player', 'SteamAchievements', 'Fullcontrollersupport', 'SteamTradingCards', 'VRSupport', 'SteamCloud', 'SteamLeaderboards', 'FamilySharing']","Nov11,2020",2.5454545454545454
13207,Half-Life,17,936.8235473632812,4,6540,0,1969.93310546875,2.1027791500091553,0,9,['Action'],['Valve'],['Valve'],"['Single-player', 'Multi-player', 'PvP', 'OnlinePvP', 'Fullcontrollersupport', 'SteamCloud', 'ValveAnti-Cheatenabled', 'RemotePlayonPhone', 'RemotePlayonTablet', 'RemotePlayTogether', 'FamilySharing']","Nov8,1998",2.25
8191,CrashBandicoot‚Ñ¢N.SaneTrilogy,3,1058.3333740234375,32,3143,0,1805.4451904296875,1.7059324979782104,0,41,['Action'],"['VicariousVisions', 'IronGalaxy']",['Activision'],"['Single-player', 'SteamAchievements', 'SteamTradingCards', 'PartialControllerSupport', 'SteamCloud', 'RemotePlayonPhone', 'RemotePlayonTablet', 'FamilySharing']","29Jun,2018",1.28125
2629,CallofDuty2,10,3493.199951171875,30.5,32654,0,10259.171875,2.9368979930877686,0,19,['Action'],['InfinityWard'],['Activision'],"['Single-player', 'Multi-player', 'FamilySharing']","Oct13,2006",0.6229508196721312
15471,NeedforSpeed‚Ñ¢Payback,4,502.25,66.5,1876,0,917.928955078125,1.8276336193084717,0,29,"['Action', 'Adventure', 'Racing', 'Sports', 'Strategy']",['GhostGames'],['ElectronicArts'],"['Single-player', 'Multi-player', 'PvP', 'OnlinePvP', 'Co-op', 'OnlineCo-op', 'SteamAchievements']","Jun18,2020",0.43609022556390975
23475,UNO,7,329.5714416503906,24,972,0,455.47479248046875,1.382021427154541,24,9,['Casual'],['UbisoftEntertainment'],['UbisoftEntertainment'],"['Single-player', 'Multi-player', 'PvP', 'OnlinePvP', 'Shared/SplitScreenPvP', 'Co-op', 'OnlineCo-op', 'Shared/SplitScreenCo-op', 'Fullcontrollersupport', 'SteamTradingCards', 'RemotePlayonPhone', 'RemotePlayonTablet', 'RemotePlayonTV', 'RemotePlayTogether', 'FamilySharing']","Jan3,2017",0.375
3284,CallofDuty¬Æ:ModernWarfare¬Æ3(2011),8,329.75,138,1206,0,435.79345703125,1.3215874433517456,0,39,['Action'],"['InfinityWard', 'SledgehammerGames']",['Activision'],"['Single-player', 'Multi-player', 'Co-op', 'SteamAchievements', 'SteamCloud', 'ValveAnti-Cheatenabled', 'FamilySharing']","Nov8,2011",0.2826086956521739
2877,CallofDuty:ModernWarfare2(2009),14,3052.357177734375,87.5,27722,0,7455.775390625,2.442628860473633,0,19,['Action'],['InfinityWard'],['Activision'],"['Single-player', 'Multi-player', 'Co-op', 'SteamAchievements', 'SteamCloud', 'ValveAnti-Cheatenabled', 'FamilySharing']","Nov11,2009",0.21714285714285714
13679,HumanFallFlat,4,299,161,874,0,412.29278564453125,1.3789056539535522,0,19,"['Adventure', 'Casual', 'Indie', 'Simulation']",['NoBrakesGames'],['CurveGames'],"['Single-player', 'Multi-player', 'PvP', 'OnlinePvP', 'Co-op', 'Shared/SplitScreenCo-op', 'Shared/SplitScreen', 'SteamAchievements', 'Fullcontrollersupport', 'SteamTradingCards', 'SteamWorkshop', 'SteamCloud', 'Stats', 'RemotePlayonTV', 'RemotePlayTogether', 'FamilySharing']","Jul22,2016",0.11801242236024845
20245,SeriousSamHD:TheFirstEncounter,3,7178.33349609375,140,21395,0,12312.193359375,1.7151882648468018,0,14,"['Action', 'Indie']",['Croteam'],['DevolverDigital'],"['Single-player', 'Multi-player', 'PvP', 'OnlinePvP', 'Shared/SplitScreenPvP', 'Co-op', 'OnlineCo-op', 'Shared/SplitScreenCo-op', 'Shared/SplitScreen', 'SteamAchievements', 'SteamTradingCards', 'PartialControllerSupport', 'SteamCloud', 'SteamLeaderboards', 'RemotePlayTogether', 'FamilySharing']","Nov24,2009",0.1
24765,WormsW.M.D,4,384,258.5,1019,0,456.2608947753906,1.18817937374115,0,24,"['Action', 'Strategy']",['Team17'],['Team17'],"['Single-player', 'Multi-player', 'PvP', 'OnlinePvP', 'Shared/SplitScreenPvP', 'Shared/SplitScreen', 'SteamAchievements', 'Fullcontrollersupport', 'SteamTradingCards', 'SteamWorkshop', 'SteamCloud', 'SteamLeaderboards', 'RemotePlayonPhone', 'RemotePlayonTablet', 'RemotePlayonTV', 'RemotePlayTogether', 'FamilySharing']","23Aug,2016",0.09284332688588008
22400,TheOutlastTrials,5,2753.800048828125,462,12516,0,5467.4560546875,1.9854223728179932,0,39,"['Action', 'Adventure', 'Indie']",['RedBarrels'],['RedBarrels'],"['Single-player', 'Multi-player', 'Co-op', 'OnlineCo-op', 'Fullcontrollersupport', 'FamilySharing']","Mar5,2024",0.08441558441558442
20659,SonsOfTheForest,13,4091.615478515625,435,27312,0,7799.69580078125,1.9062632322311401,0,29,"['Action', 'Adventure', 'Indie', 'Simulation']",['EndnightGamesLtd'],['Newnight'],"['Single-player', 'Multi-player', 'Co-op', 'OnlineCo-op', 'SteamAchievements', 'Fullcontrollersupport', 'SteamCloud', 'FamilySharing']","Feb22,2024",0.06666666666666667
3079,CallofDuty:WWII,3,904.3333129882812,899,1814,0,907.0117797851562,1.0029617547988892,0,59,['Action'],"['SledgehammerGames', 'RavenSoftware']",['Activision'],"['Single-player', 'Multi-player', 'PvP', 'OnlinePvP', 'Shared/SplitScreenPvP', 'Co-op', 'OnlineCo-op', 'Shared/SplitScreenCo-op', 'SteamAchievements', 'Fullcontrollersupport', 'SteamTradingCards', 'In-AppPurchases', 'SteamCloud', 'ValveAnti-Cheatenabled', 'RemotePlayonTV', 'FamilySharing']","Nov2,2017",0.06562847608453838
18311,ResidentEvil4,4,1503,610,4792,0,2266.83544921875,1.5082072019577026,0,39,"['Action', 'Adventure']","['CAPCOMCo.,Ltd.']","['CAPCOMCo.,Ltd.']","['Single-player', 'SteamAchievements', 'Fullcontrollersupport', 'SteamTradingCards', 'SteamCloud', 'HDRavailable', 'FamilySharing']","Mar23,2023",0.06393442622950819
22357,TheJackboxPartyPack3,3,619,375,1117,365,431.30963134765625,0.6967845559120178,375,23,"['Casual', 'Indie', 'Strategy']","['JackboxGames,Inc.']","['JackboxGames,Inc.']","['Single-player', 'Multi-player', 'PvP', 'Shared/SplitScreenPvP', 'Co-op', 'Shared/SplitScreenCo-op', 'SteamAchievements', 'Fullcontrollersupport', 'SteamTradingCards', 'SteamCloud', 'RemotePlayonPhone', 'RemotePlayonTablet', 'RemotePlayonTV', 'RemotePlayTogether', 'FamilySharing']","17Oct,2016",0.06133333333333333
1900,Battlefield1‚Ñ¢,7,6887.4287109375,715,30847,0,11938.7021484375,1.7334048748016357,15281,39,"['Action', 'MassivelyMultiplayer']",['DICE'],['ElectronicArts'],"['Single-player', 'Multi-player', 'PvP', 'OnlinePvP', 'SteamAchievements', 'Fullcontrollersupport', 'SteamTradingCards', 'HDRavailable']","Jun11,2020",0.05454545454545454
2063,BioShockInfinite,6,6796.16650390625,682.5,23397,0,10282.37109375,1.512966275215149,1365,29,['Action'],"['IrrationalGames', 'VirtualProgramming(Linux)']",['2K'],"['Single-player', 'SteamAchievements', 'Fullcontrollersupport', 'SteamTradingCards', 'SteamCloud', 'RemotePlayonTablet', 'RemotePlayonTV', 'FamilySharing']","Mar25,2013",0.04249084249084249
15997,PAYDAY:TheHeist,6,5156,333,27451,0,10976.1259765625,2.1288063526153564,613,14,['Action'],['OVERKILLSoftware'],['DaybreakGameCompany'],"['Single-player', 'Multi-player', 'Co-op', 'SteamAchievements', 'SteamTradingCards', 'SteamCloud', 'Stats', 'FamilySharing']","Oct20,2011",0.042042042042042045
17996,PummelParty,17,842.941162109375,372,3059,0,970.0609741210938,1.150805115699768,0,14,"['Action', 'Casual', 'Indie']",['RebuiltGames'],['RebuiltGames'],"['Single-player', 'Multi-player', 'PvP', 'OnlinePvP', 'Shared/SplitScreenPvP', 'Shared/SplitScreen', 'SteamAchievements', 'Fullcontrollersupport', 'SteamWorkshop', 'Includesleveleditor', 'RemotePlayonPhone', 'RemotePlayonTablet', 'RemotePlayonTV', 'RemotePlayTogether', 'FamilySharing']","Sep20,2018",0.03763440860215054
8870,DayofDefeat:Source,36,31915.5,239.5,474023,0,104301.2734375,3.2680444717407227,0,9,['Action'],['Valve'],['Valve'],"['Multi-player', 'Cross-PlatformMultiplayer', 'SteamAchievements', 'SteamTradingCards', 'ValveAnti-Cheatenabled', 'Stats', 'IncludesSourceSDK', 'FamilySharing']","Jul12,2010",0.037578288100208766
17824,PlagueInc:Evolved,3,902.6666870117188,420,2288,0,1217.9742431640625,1.3493068218231201,0,14,"['Casual', 'Indie', 'Simulation', 'Strategy']",['NdemicCreations'],['NdemicCreations'],"['Single-player', 'Multi-player', 'PvP', 'OnlinePvP', 'Co-op', 'OnlineCo-op', 'Cross-PlatformMultiplayer', 'SteamAchievements', 'SteamTradingCards', 'SteamWorkshop', 'PartialControllerSupport', 'SteamCloud', 'Stats', 'SteamLeaderboards', 'Includesleveleditor', 'RemotePlayonTablet', 'FamilySharing']","Feb18,2016",0.03333333333333333
15630,Nioh:CompleteEdition,3,2026,1679,4399,0,2219.93408203125,1.0957225561141968,0,49,"['Action', 'RPG']","['KOEITECMOGAMESCO.,LTD.']","['KOEITECMOGAMESCO.,LTD.']","['Single-player', 'Multi-player', 'PvP', 'OnlinePvP', 'Co-op', 'OnlineCo-op', 'SteamAchievements', 'SteamTradingCards', 'PartialControllerSupport', 'SteamCloud', 'Stats', 'SteamLeaderboards', 'FamilySharing']","Nov7,2017",0.029184038117927337
1587,Assassin'sCreedUnity,3,853.6666870117188,1078,1483,0,766.5287475585938,0.8979251384735107,1078,29,"['Action', 'Adventure']",['Ubisoft'],['Ubisoft'],"['Single-player', 'Multi-player', 'Co-op', 'In-AppPurchases', 'PartialControllerSupport', 'FamilySharing']","Nov11,2014",0.026901669758812616
15463,NeedforSpeed‚Ñ¢Heat,7,3424.142822265625,3114,9582,0,3020.140380859375,0.8820135593414307,0,69,"['Action', 'Adventure', 'Racing', 'Sports']",['GhostGames'],['ElectronicArts'],"['Single-player', 'Multi-player', 'PvP', 'OnlinePvP', 'Co-op', 'OnlineCo-op', 'Cross-PlatformMultiplayer', 'SteamAchievements', 'SteamTradingCards', 'PartialControllerSupport', 'RemotePlayonTablet', 'HDRavailable']","Jun4,2020",0.022157996146435453
11435,ForzaHorizon5,18,7044.0556640625,2660,28700,66,8213.1845703125,1.1659737825393677,1611,57,"['Action', 'Adventure', 'Racing', 'Simulation', 'Sports']",['PlaygroundGames'],['XboxGameStudios'],"['Single-player', 'Multi-player', 'PvP', 'OnlinePvP', 'Co-op', 'OnlineCo-op', 'Cross-PlatformMultiplayer', 'SteamAchievements', 'Fullcontrollersupport', 'SteamTradingCards', 'SteamCloud', 'HDRavailable', 'FamilySharing']","8Nov,2021",0.02142857142857143
11064,FarCryPrimal,3,1474,1374,3048,0,1526.4586181640625,1.035589337348938,3048,29,"['Action', 'Adventure']",['Ubisoft'],['Ubisoft'],"['Single-player', 'SteamTradingCards', 'PartialControllerSupport']","Feb29,2016",0.021106259097525473
21406,TalesofBerseria,4,2747.25,2363,6263,0,3233.7138671875,1.1770730018615723,6263,49,"['Action', 'RPG']",['BANDAINAMCOStudiosInc.'],['BANDAINAMCOEntertainment'],"['Single-player', 'Multi-player', 'Shared/SplitScreen', 'SteamAchievements', 'Fullcontrollersupport', 'SteamTradingCards', 'SteamCloud', 'RemotePlayonPhone', 'RemotePlayonTablet', 'RemotePlayonTV', 'RemotePlayTogether', 'FamilySharing']","Jan26,2017",0.02073635209479475
11039,FarCry5,21,8329.857421875,2846,100412,0,21360.900390625,2.564377784729004,3195,59,"['Action', 'Adventure']","['UbisoftMontreal', 'RedStorm', 'UbisoftShanghai', 'UbisoftToronto', 'UbisoftKiev']",['Ubisoft'],"['Single-player', 'Multi-player', 'Co-op', 'OnlineCo-op', 'SteamTradingCards', 'Captionsavailable', 'In-AppPurchases', 'PartialControllerSupport', 'Includesleveleditor']","Mar26,2018",0.02073085031623331
13263,Half-Life2:Deathmatch,17,11060.8232421875,196,60414,0,19112.15234375,1.7279139757156372,36113,4,['Action'],['Valve'],['Valve'],"['Multi-player', 'ValveAnti-Cheatenabled', 'IncludesSourceSDK', 'FamilySharing']","Nov1,2004",0.02040816326530612
20230,Sekiro‚Ñ¢:ShadowsDieTwice,7,17204.427734375,3113,85850,0,31506.796875,1.831318974494934,0,63,"['Action', 'Adventure']",['FromSoftware'],"['Activision(ExcludingJapanandAsia)', 'FromSoftware(Japan)', 'ÊñπÂùóÊ∏∏Êàè(Asia)']","['Single-player', 'SteamAchievements', 'Fullcontrollersupport', 'SteamTradingCards', 'SteamCloud', 'RemotePlayonTablet', 'RemotePlayonTV', 'FamilySharing']","21Mar,2019",0.020237712817218118
1910,Battlefield4‚Ñ¢,9,4534.5556640625,1958,14811,0,5478.76904296875,1.2082263231277466,14811,39,['Action'],['DICE'],['ElectronicArts'],"['Single-player', 'Multi-player', 'PvP', 'OnlinePvP', 'SteamAchievements', 'Fullcontrollersupport', 'SteamTradingCards', 'HDRavailable']","Jun11,2020",0.019918283963227784
20240,SeriousSam3:BFE,4,9314.5,1477,34076,228,16518.193359375,1.7733848094940186,34076,29,"['Action', 'Indie']",['Croteam'],['DevolverDigital'],"['Single-player', 'Multi-player', 'PvP', 'OnlinePvP', 'Shared/SplitScreenPvP', 'Co-op', 'OnlineCo-op', 'Shared/SplitScreenCo-op', 'Shared/SplitScreen', 'Cross-PlatformMultiplayer', 'SteamAchievements', 'Fullcontrollersupport', 'SteamTradingCards', 'SteamWorkshop', 'SteamCloud', 'SteamLeaderboards', 'Includesleveleditor', 'RemotePlayonTV', 'RemotePlayTogether', 'FamilySharing']","Nov22,2011",0.01963439404197698
14494,LittleNightmares,4,24191.5,1016,94734,0,47038.0859375,1.9444055557250977,0,19,['Adventure'],['TarsierStudios'],['BANDAINAMCOEntertainment'],"['Single-player', 'SteamAchievements', 'Fullcontrollersupport', 'SteamTradingCards', 'SteamCloud', 'RemotePlayonTV', 'FamilySharing']","Apr27,2017",0.018700787401574805
13886,ItTakesTwo,4,2207.5,2251,4328,0,2001.1466064453125,0.9065216779708862,4328,39,"['Action', 'Adventure']",['Hazelight'],['ElectronicArts'],"['Multi-player', 'Co-op', 'OnlineCo-op', 'Shared/SplitScreenCo-op', 'Shared/SplitScreen', 'SteamAchievements', 'Fullcontrollersupport', 'SteamTradingCards', 'RemotePlayTogether']","25Mar,2021",0.0173256330519769
24694,Wolcen:LordsofMayhem,5,2921.800048828125,2300,7389,0,3217.496826171875,1.1012036800384521,0,39,"['Action', 'Adventure', 'Indie', 'RPG']",['WOLCENStudio'],['WOLCENStudio'],"['Single-player', 'Multi-player', 'Co-op', 'OnlineCo-op', 'PartialControllerSupport', 'FamilySharing']","Feb13,2020",0.016956521739130436
13591,HogwartsLegacy,31,4048,3590,25160,0,4631.5068359375,1.1441469192504883,0,59,"['Action', 'Adventure', 'RPG']",['AvalancheSoftware'],['WarnerBros.Games'],"['Single-player', 'SteamAchievements', 'Fullcontrollersupport', 'In-AppPurchases', 'SteamCloud', 'HDRavailable', 'FamilySharing']","Feb10,2023",0.016434540389972146
18146,ReadyorNot,4,6376.25,3216.5,18661,411,8395.9501953125,1.316753625869751,18661,49,"['Action', 'Adventure', 'Indie']",['VOIDInteractive'],['VOIDInteractive'],"['Single-player', 'Multi-player', 'Co-op', 'OnlineCo-op', 'SteamCloud']","Dec13,2023",0.015233949945593036
12190,GolfIt!,13,2671.53857421875,526,22998,0,6338.89599609375,2.372751235961914,0,8,"['Casual', 'Indie', 'Simulation', 'Sports']",['PerfuseEntertainment'],['PerfuseEntertainment'],"['Single-player', 'Multi-player', 'PvP', 'OnlinePvP', 'Shared/SplitScreenPvP', 'Cross-PlatformMultiplayer', 'SteamAchievements', 'TrackedControllerSupport', 'VRSupported', 'SteamTradingCards', 'SteamWorkshop', 'PartialControllerSupport', 'SteamCloud', 'Stats', 'SteamLeaderboards', 'Includesleveleditor', 'RemotePlayonPhone', 'RemotePlayonTablet', 'RemotePlayTogether', 'FamilySharing']","Aug18,2023",0.015209125475285171
2527,Broforce,3,1480.3333740234375,1005,3436,0,1766.629638671875,1.1933999061584473,0,14,"['Action', 'Adventure', 'Casual', 'Indie']",['FreeLives'],['DevolverDigital'],"['Single-player', 'Multi-player', 'PvP', 'OnlinePvP', 'Shared/SplitScreenPvP', 'Co-op', 'OnlineCo-op', 'Shared/SplitScreenCo-op', 'Shared/SplitScreen', 'Fullcontrollersupport', 'Includesleveleditor', 'RemotePlayonPhone', 'RemotePlayonTablet', 'RemotePlayonTV', 'RemotePlayTogether', 'FamilySharing']","Oct15,2015",0.013930348258706468
1950,Battlefield‚Ñ¢2042,17,7533.41162109375,4156,21018,588,6912.06103515625,0.9175206422805786,21018,57,"['Action', 'Adventure', 'Casual']",['DICE'],['ElectronicArts'],"['Multi-player', 'PvP', 'OnlinePvP', 'Co-op', 'OnlineCo-op', 'SteamAchievements', 'Fullcontrollersupport', 'SteamTradingCards', 'In-AppPurchases', 'HDRavailable']","19Nov,2021",0.013715110683349374
18469,RiseoftheTombRaider,7,1625.4285888671875,2230,3903,0,1461.8760986328125,0.8993788361549377,2315,29,"['Action', 'Adventure']","['CrystalDynamics', 'Eidos-Montr√©al', 'FeralInteractive(Mac)', 'FeralInteractive(Linux)', 'Nixxes']","['CrystalDynamics', 'FeralInteractive(Mac)', 'FeralInteractive(Linux)']","['Single-player', 'SteamAchievements', 'Fullcontrollersupport', 'TrackedControllerSupport', 'VRSupported', 'SteamTradingCards', 'SteamCloud', 'SteamLeaderboards', 'RemotePlayonPhone', 'RemotePlayonTablet', 'RemotePlayonTV', 'FamilySharing']","Feb9,2016",0.013004484304932735
22621,TomClancy'sGhostRecon¬ÆWildlands,15,6506.7998046875,3928,20504,0,5883.01025390625,0.904132604598999,8689,49,"['Action', 'Adventure']","['UbisoftParis', 'UbisoftAnnecy', 'UbisoftBucharest', 'UbisoftMontpellier', 'UbisoftMilan', 'Reflections', 'UbisoftBelgrade']",['Ubisoft'],"['Single-player', 'Multi-player', 'Co-op', 'SteamTradingCards', 'In-AppPurchases', 'PartialControllerSupport']","Mar6,2017",0.012474541751527495
20730,SouthPark‚Ñ¢:TheStickofTruth‚Ñ¢,6,3121.666748046875,2369,6012,1643,1744.6851806640625,0.5588954091072083,2251,29,"['Action', 'Adventure', 'RPG']",['ObsidianEntertainment'],['Ubisoft'],"['Single-player', 'SteamAchievements', 'Fullcontrollersupport', 'RemotePlayonPhone', 'RemotePlayonTablet', 'RemotePlayonTV', 'FamilySharing']","Mar3,2014",0.012241452089489235
23405,Trine2,3,1871.3333740234375,1583,3702,329,1704.8853759765625,0.9110538363456726,3702,19,"['Action', 'Adventure', 'Indie']",['Frozenbyte'],['Frozenbyte'],"['Single-player', 'Multi-player', 'Co-op', 'OnlineCo-op', 'Shared/SplitScreenCo-op', 'Shared/SplitScreen', 'Cross-PlatformMultiplayer', 'SteamAchievements', 'Fullcontrollersupport', 'SteamTradingCards', 'SteamWorkshop', 'SteamCloud', 'Includesleveleditor', 'RemotePlayonPhone', 'RemotePlayonTablet', 'RemotePlayonTV', 'RemotePlayTogether', 'FamilySharing']","Jun6,2013",0.012002526847757423
3373,CarMechanicSimulator2018,4,1758.75,1600,3835,0,1876.5604248046875,1.0669852495193481,353,19,"['Racing', 'Simulation']",['RedDotGames'],['PlayWayS.A.'],"['Single-player', 'SteamAchievements', 'SteamTradingCards', 'SteamWorkshop', 'PartialControllerSupport', 'SteamCloud', 'Stats', 'Includesleveleditor', 'FamilySharing']","Jul28,2017",0.011875
3430,Chivalry2,3,10673,3320,26417,2282,13644.578125,1.278420090675354,3320,39,"['Action', 'MassivelyMultiplayer']",['TornBannerStudios'],['TripwirePresents'],"['Multi-player', 'PvP', 'OnlinePvP', 'Cross-PlatformMultiplayer', 'SteamAchievements', 'SteamTradingCards', 'In-AppPurchases', 'PartialControllerSupport']","Jun12,2022",0.011746987951807229
9834,DyingLight2:ReloadedEdition,12,4575.66650390625,5223.5,10199,0,3752.458740234375,0.8200900554656982,4903,59,"['Action', 'Adventure', 'RPG']",['Techland'],['Techland'],"['Single-player', 'Multi-player', 'Co-op', 'OnlineCo-op', 'SteamAchievements', 'Fullcontrollersupport', 'SteamTradingCards', 'SteamCloud', 'RemotePlayonTV', 'FamilySharing']","Feb3,2022",0.01129510864362975
1883,BattleBitRemastered,13,2801.076904296875,1242,11110,0,3413.60986328125,1.2186776399612427,0,14,"['Action', 'MassivelyMultiplayer', 'EarlyAccess']","['SgtOkiDoki', 'Vilaskis', 'TheLiquidHorse']",['SgtOkiDoki'],"['Multi-player', 'MMO', 'PvP', 'OnlinePvP', 'PartialControllerSupport', 'FamilySharing']","Jun15,2023",0.011272141706924315
2655,CallofDuty:BlackOps,20,9359.9501953125,3494,30868,0,10511.5185546875,1.123031497001648,0,39,['Action'],['Treyarch'],['Activision'],"['Single-player', 'Multi-player', 'Co-op', 'SteamAchievements', 'PartialControllerSupport', 'ValveAnti-Cheatenabled', 'FamilySharing']","Nov9,2010",0.011161991986262164
20826,Spyro‚Ñ¢ReignitedTrilogy,5,2980.39990234375,3635,4656,165,1745.8216552734375,0.5857675671577454,3635,39,"['Action', 'Adventure']","['ToysforBob', 'IronGalaxyStudios']",['Activision'],"['Single-player', 'SteamAchievements', 'Fullcontrollersupport', 'SteamTradingCards', 'SteamCloud', 'RemotePlayonPhone', 'RemotePlayonTablet', 'RemotePlayonTV', 'FamilySharing']","Sep3,2019",0.010729023383768913
12203,GolfWithYourFriends,46,3549.9130859375,1332,29023,0,6206.515625,1.7483570575714111,7659,14,"['Casual', 'Indie', 'Sports']","['BlacklightInteractive', 'Team17']",['Team17'],"['Single-player', 'Multi-player', 'PvP', 'OnlinePvP', 'Shared/SplitScreenPvP', 'Shared/SplitScreen', 'SteamAchievements', 'SteamWorkshop', 'PartialControllerSupport', 'Stats', 'Includesleveleditor', 'RemotePlayonPhone', 'RemotePlayonTablet', 'RemotePlayTogether', 'FamilySharing']","May19,2020",0.010510510510510511
9616,Divinity:OriginalSinEnhancedEdition,3,2837,3778,4733,0,2502.885009765625,0.8822294473648071,0,39,"['Adventure', 'Indie', 'RPG', 'Strategy']",['LarianStudios'],['LarianStudios'],"['Single-player', 'Multi-player', 'Co-op', 'Shared/SplitScreen', 'Cross-PlatformMultiplayer', 'SteamAchievements', 'Fullcontrollersupport', 'SteamTradingCards', 'Captionsavailable', 'SteamCloud', 'RemotePlayTogether', 'FamilySharing']","Oct27,2015",0.010322922181048173
13135,HELLDIVERS‚Ñ¢2,38,5732.78955078125,3154,20308,0,6011.60791015625,1.048635721206665,0,32,['Action'],['ArrowheadGameStudios'],['PlayStationPCLLC'],"['Multi-player', 'Co-op', 'OnlineCo-op', 'SteamAchievements', 'In-AppPurchases', 'PartialControllerSupport', 'FamilySharing']","8Feb,2024",0.010145846544071021
11426,ForzaHorizon4,9,5509.111328125,5651,12397,1531,3168.634765625,0.5751626491546631,5722,57,['Racing'],['PlaygroundGames'],['XboxGameStudios'],"['Single-player', 'Multi-player', 'PvP', 'OnlinePvP', 'Co-op', 'OnlineCo-op', 'Cross-PlatformMultiplayer', 'SteamAchievements', 'Fullcontrollersupport', 'SteamTradingCards', 'SteamCloud', 'FamilySharing']","9Mar,2021",0.010086710316758096
8589,DarkandLight,3,8732,1717,24479,0,13664.2978515625,1.5648531913757324,1717,17,"['Action', 'Adventure', 'MassivelyMultiplayer', 'RPG', 'Simulation', 'EarlyAccess']",['SnailGamesUSA'],['SnailGamesUSA'],"['Single-player', 'Multi-player', 'PvP', 'OnlinePvP', 'LANPvP', 'Co-op', 'OnlineCo-op', 'LANCo-op', 'SteamWorkshop', 'FamilySharing']","Jul20,2017",0.009900990099009901
24660,Watch_Dogs,3,2247.666748046875,1970,4773,0,2398.584228515625,1.0671441555023193,0,19,"['Action', 'Adventure']",['Ubisoft'],['Ubisoft'],"['Single-player', 'Multi-player', 'SteamTradingCards', 'PartialControllerSupport']","May26,2014",0.009644670050761422
8418,DARKSOULS‚Ñ¢:REMASTERED,3,3127.666748046875,4164,5219,0,2759.525390625,0.8822952508926392,5219,39,['Action'],['QLOC'],"['FromSoftware,Inc', 'BandaiNamcoEntertainment']","['Single-player', 'Multi-player', 'SteamAchievements', 'Fullcontrollersupport', 'RemotePlayonPhone', 'RemotePlayonTablet', 'RemotePlayonTV', 'FamilySharing']","May23,2018",0.009365994236311239
21223,Subnautica,5,93813.3984375,3100,440426,0,194009.75,2.0680387020111084,24019,29,"['Adventure', 'Indie']",['UnknownWorldsEntertainment'],['UnknownWorldsEntertainment'],"['Single-player', 'SteamAchievements', 'Fullcontrollersupport', 'VRSupported', 'SteamTradingCards', 'VRSupport', 'SteamCloud', 'RemotePlayonTV', 'FamilySharing']","Jan23,2018",0.00935483870967742
17801,PillarsofEternity,5,8226,3131,27444,0,11436.0771484375,1.390235424041748,27444,29,['RPG'],['ObsidianEntertainment'],['XboxGameStudios'],"['Single-player', 'SteamAchievements', 'SteamTradingCards', 'SteamCloud', 'Commentaryavailable', 'RemotePlayonTablet', 'FamilySharing']","Mar26,2015",0.009262216544235069
17903,Portal2,25,5538.31982421875,974,70050,0,14223.123046875,2.568129539489746,0,9,"['Action', 'Adventure']",['Valve'],['Valve'],"['Single-player', 'Multi-player', 'Co-op', 'OnlineCo-op', 'Shared/SplitScreenCo-op', 'Shared/SplitScreen', 'SteamAchievements', 'Fullcontrollersupport', 'SteamTradingCards', 'Captionsavailable', 'SteamWorkshop', 'SteamWorkshop', 'SteamCloud', 'Stats', 'Includesleveleditor', 'Commentaryavailable', 'RemotePlayonPhone', 'RemotePlayonTablet', 'RemotePlayonTV', 'RemotePlayTogether', 'FamilySharing']","Apr18,2011",0.009240246406570842
24663,Watch_Dogs2,4,5941.75,5332,10263,2840,3328.21533203125,0.5601406097412109,2840,49,"['Action', 'Adventure']",['Ubisoft'],['Ubisoft'],"['Single-player', 'Multi-player', 'Co-op', 'In-AppPurchases', 'PartialControllerSupport']","Nov28,2016",0.00918979744936234
13898,JurassicWorldEvolution,3,4987.66650390625,3933,11030,0,5590.1220703125,1.1207890510559082,11030,36,"['Simulation', 'Strategy']",['FrontierDevelopments'],['FrontierDevelopments'],"['Single-player', 'SteamAchievements', 'Fullcontrollersupport', 'SteamTradingCards', 'SteamCloud', 'RemotePlayonTV', 'FamilySharing']","11Jun,2018",0.009153318077803204
1551,Assassin'sCreedIVBlackFlag,4,1560.25,1246.5,3748,0,1873.0574951171875,1.2004854679107666,2493,11,"['Action', 'Adventure']",['UbisoftMontreal'],['Ubisoft'],"['Single-player', 'Multi-player', 'In-AppPurchases']",Unknown,0.008824709185720016
14111,KingdomCome:Deliverance,6,12181.3330078125,3298,51326,705,19686.974609375,1.616159200668335,51326,29,"['Action', 'Adventure', 'RPG']",['WarhorseStudios'],"['WarhorseStudios', 'PrimeMatter']","['Single-player', 'SteamAchievements', 'Fullcontrollersupport', 'SteamTradingCards', 'SteamCloud', 'RemotePlayonTV', 'FamilySharing']","Feb13,2018",0.008793208004851425
11558,GameDevTycoon,5,1291,1033,3417,0,1327.60595703125,1.0283547639846802,1564,9,"['Casual', 'Indie', 'Simulation', 'Strategy']",['GreenheartGamesüíö'],['GreenheartGamesüíö'],"['Single-player', 'SteamAchievements', 'SteamTradingCards', 'SteamWorkshop', 'SteamCloud', 'RemotePlayonTablet', 'FamilySharing']","Aug29,2013",0.008712487899322363
18110,Raft,24,2865.375,2230.5,14931,0,3173.538818359375,1.1075475215911865,4527,19,"['Adventure', 'Indie', 'Simulation']",['RedbeetInteractive'],['AxolotGames'],"['Single-player', 'Multi-player', 'Co-op', 'OnlineCo-op', 'SteamAchievements', 'SteamCloud', 'FamilySharing']","Jun20,2022",0.008518269446312485
18090,RPGMakerVXAce,6,31478.833984375,8299,141836,1797,54890.87109375,1.7437390089035034,141836,69,"['Adventure', 'RPG', 'Design&Illustration', 'Education', 'WebPublishing', 'GameDevelopment']","['GotchaGotchaGames', 'KADOKAWA', 'YojiOjima']",['GotchaGotchaGames'],"['SteamTradingCards', 'SteamWorkshop']","Dec10,2012",0.00831425472948548
11030,FarCry4,9,6163.4443359375,3490,30325,0,9686.802734375,1.5716540813446045,30325,29,"['Action', 'Adventure']","['UbisoftMontreal,RedStorm,Shanghai,Toronto,Kiev']",['Ubisoft'],"['Single-player', 'Multi-player', 'Co-op', 'PartialControllerSupport']",Nov2014,0.00830945558739255
22287,TheForest,51,6197.39208984375,2473,98617,0,14939.8681640625,2.410670280456543,0,19,"['Action', 'Adventure', 'Indie', 'Simulation']",['EndnightGamesLtd'],['EndnightGamesLtd'],"['Single-player', 'Multi-player', 'Co-op', 'OnlineCo-op', 'LANCo-op', 'TrackedControllerSupport', 'VRSupported', 'PartialControllerSupport', 'SteamCloud', 'FamilySharing']","Apr30,2018",0.007682976142337242
3616,Command&Conquer‚Ñ¢RemasteredCollection,3,4857.66650390625,2490,12083,0,6379.97705078125,1.3133829832077026,2490,19,['Strategy'],"['Petroglyph', 'LemonSkyStudios']",['ElectronicArts'],"['Single-player', 'Multi-player', 'PvP', 'OnlinePvP', 'SteamAchievements', 'SteamWorkshop', 'SteamCloud', 'Includesleveleditor', 'FamilySharing']","Jun5,2020",0.007630522088353414
13655,HouseFlipper,8,3954.125,3225,12734,0,4484.19580078125,1.1340551376342773,4949,24,"['Indie', 'Simulation']",['Empyrean'],"['FrozenDistrict', 'PlayWayS.A.']","['Single-player', 'SteamAchievements', 'Fullcontrollersupport', 'SteamTradingCards', 'SteamWorkshop', 'SteamCloud', 'RemotePlayonTablet', 'FamilySharing']","May17,2018",0.0074418604651162795
20100,STARWARS‚Ñ¢Battlefront‚Ñ¢II,6,6746.5,5271.5,19896,0,7591.53173828125,1.1252548694610596,3148,39,"['Action', 'Adventure']",['DICE'],['ElectronicArts'],"['Single-player', 'Multi-player', 'PvP', 'OnlinePvP', 'SteamAchievements', 'SteamTradingCards']","Jun11,2020",0.007398273736128237
10733,FINALFANTASYXVWINDOWSEDITION,3,3156,4394,5074,0,2754.242431640625,0.8727004528045654,4394,32,['RPG'],['SquareEnix'],['SquareEnix'],"['Single-player', 'Multi-player', 'PvP', 'OnlinePvP', 'Co-op', 'OnlineCo-op', 'SteamAchievements', 'Fullcontrollersupport', 'SteamTradingCards', 'SteamCloud', 'RemotePlayonTablet', 'FamilySharing']","6Mar,2018",0.007282658170232135
24769,Wreckfest,18,7576.4443359375,4074.5,27155,11,8013.5654296875,1.0576947927474976,12300,29,"['Action', 'Indie', 'Racing', 'Simulation', 'Sports']",['Bugbear'],['THQNordic'],"['Single-player', 'Multi-player', 'PvP', 'OnlinePvP', 'SteamAchievements', 'SteamWorkshop', 'PartialControllerSupport', 'SteamCloud', 'Stats', 'SteamLeaderboards', 'FamilySharing']","Jun14,2018",0.0071174377224199285
23155,TotalWar:ATTILA,5,13038.400390625,6194,28054,1466,12399.4912109375,0.9509978890419006,28054,44,['Strategy'],['CREATIVEASSEMBLY'],['SEGA'],"['Single-player', 'Multi-player', 'PvP', 'OnlinePvP', 'LANPvP', 'Co-op', 'OnlineCo-op', 'LANCo-op', 'SteamAchievements', 'SteamTradingCards', 'SteamCloud', 'FamilySharing']","Feb17,2015",0.007103648692282854
17827,PlanetCoaster,4,7735.75,6123,18697,0,7872.1103515625,1.017627239227295,18697,43,"['Action', 'Adventure', 'Casual', 'Simulation', 'Strategy']","['FrontierDevelopments', 'Aspyr(Mac)']","['FrontierDevelopments', 'Aspyr(Mac)']","['Single-player', 'SteamAchievements', 'SteamTradingCards', 'SteamWorkshop', 'SteamCloud', 'FamilySharing']","17Nov,2016",0.007022701290217214
2413,BorderlandsGOTY,3,8337,4198,17884,2929,8292.2548828125,0.9946330189704895,2929,29,"['Action', 'RPG']",['GearboxSoftware'],['2K'],"['Single-player', 'Multi-player', 'Co-op', 'SteamAchievements', 'PartialControllerSupport', 'SteamCloud', 'FamilySharing']","Aug31,2023",0.006908051453072892
21189,StreetFighter‚Ñ¢6,11,13384.7275390625,8770,26052,5619,7572.05615234375,0.5657235980033875,19503,59,"['Action', 'Adventure']","['CAPCOMCo.,Ltd.']","['CAPCOMCo.,Ltd.']","['Single-player', 'Multi-player', 'PvP', 'OnlinePvP', 'Shared/SplitScreenPvP', 'Shared/SplitScreen', 'Cross-PlatformMultiplayer', 'SteamAchievements', 'SteamTradingCards', 'In-AppPurchases', 'PartialControllerSupport', 'SteamCloud', 'FamilySharing']","Jun1,2023",0.006727480045610034
9815,DyingLight,19,4662.89453125,2852,14542,0,4316.50439453125,0.9257134795188904,0,19,"['Action', 'RPG']",['Techland'],['Techland'],"['Single-player', 'Multi-player', 'PvP', 'OnlinePvP', 'Co-op', 'OnlineCo-op', 'SteamAchievements', 'Fullcontrollersupport', 'SteamTradingCards', 'SteamWorkshop', 'SteamCloud', 'ValveAnti-Cheatenabled', 'Includesleveleditor', 'RemotePlayonTablet', 'RemotePlayonTV', 'FamilySharing']","Jul15,2021",0.006661991584852735
15690,OMORI,3,3025.666748046875,3009,3321,2747,287.36273193359375,0.09497500956058502,3009,19,"['Adventure', 'Indie', 'RPG']","['OMOCAT,LLC']","['OMOCAT,LLC']","['Single-player', 'SteamAchievements', 'Fullcontrollersupport', 'RemotePlayonPhone', 'RemotePlayonTablet', 'FamilySharing']","Dec25,2020",0.006314390162844799
21303,TEKKEN8,6,10033.1669921875,11084,14286,4755,4098.33837890625,0.4084790349006653,12991,69,['Action'],['BandaiNamcoStudiosInc.'],['BandaiNamcoEntertainment'],"['Single-player', 'Multi-player', 'PvP', 'OnlinePvP', 'Shared/SplitScreenPvP', 'Shared/SplitScreen', 'SteamAchievements', 'SteamTradingCards', 'PartialControllerSupport', 'SteamCloud', 'FamilySharing']","Jan25,2024",0.006225189462287983
10595,F1¬Æ23,5,13088.7998046875,11270,25258,0,11159.9853515625,0.8526362180709839,23724,69,"['Racing', 'Sports']",['Codemasters'],['ElectronicArts'],"['Single-player', 'Multi-player', 'PvP', 'OnlinePvP', 'Shared/SplitScreenPvP', 'Co-op', 'OnlineCo-op', 'Shared/SplitScreenCo-op', 'Shared/SplitScreen', 'SteamAchievements', 'Fullcontrollersupport', 'VRSupported', 'SteamWorkshop', 'SteamCloud', 'RemotePlayTogether', 'HDRavailable', 'FamilySharing']","Jun15,2023",0.006122448979591836
14865,MassEffect‚Ñ¢LegendaryEdition,3,10490,10349,17239,3882,6679.6162109375,0.6367603540420532,17239,63,"['Action', 'RPG']",['BioWare'],['ElectronicArts'],"['Single-player', 'SteamAchievements', 'Fullcontrollersupport', 'SteamTradingCards', 'RemotePlayonTV']","14May,2021",0.006087544690308242
18231,RedDeadRedemption2,57,14806.6142578125,9458,107888,0,19083.775390625,1.2888683080673218,86228,57,"['Action', 'Adventure']",['RockstarGames'],['RockstarGames'],"['Single-player', 'Multi-player', 'PvP', 'OnlinePvP', 'Co-op', 'OnlineCo-op', 'SteamAchievements', 'In-AppPurchases', 'PartialControllerSupport', 'RemotePlayonPhone', 'RemotePlayonTablet']","5Dec,2019",0.006026644110805667
8421,DARKSOULS‚Ñ¢II,5,14519.2001953125,6664,39696,5590,14517.8212890625,0.9999050498008728,6664,39,"['Action', 'RPG']","['FromSoftware,Inc']","['BANDAINAMCOEntertainment', 'FromSoftware,Inc']","['Single-player', 'Multi-player', 'Co-op', 'SteamAchievements', 'Fullcontrollersupport', 'RemotePlayonPhone', 'RemotePlayonTablet', 'RemotePlayonTV', 'FamilySharing']","Apr25,2014",0.00585234093637455
14951,MicrosoftFlightSimulator,15,17435.80078125,10185,53467,1441,15784.6826171875,0.9053030014038086,28911,59,['Simulation'],['AsoboStudio'],['XboxGameStudios'],"['Single-player', 'Multi-player', 'SteamAchievements', 'Fullcontrollersupport', 'VRSupported', 'In-AppPurchases', 'HDRavailable', 'FamilySharing']","Aug17,2020",0.0057928325969563085
12280,GranblueFantasy:Relink,4,9653,10279.5,18053,0,7816.55224609375,0.8097537159919739,0,59,"['Action', 'Adventure', 'RPG']","['Cygames,Inc.']","['Cygames,Inc.']","['Single-player', 'Multi-player', 'Co-op', 'OnlineCo-op', 'SteamAchievements', 'PartialControllerSupport', 'SteamCloud', 'FamilySharing']","Jan31,2024",0.005739578773286638
17718,Persona5Royal,3,9975,9938,14601,5386,4607.611328125,0.4619159400463104,14601,57,['RPG'],['ATLUS'],['SEGA'],"['Single-player', 'SteamAchievements', 'Fullcontrollersupport', 'SteamTradingCards', 'SteamCloud', 'FamilySharing']","20Oct,2022",0.005735560474944657
15778,Overcooked!2,3,4856,4254,6812,3502,1735.1737060546875,0.3573257327079773,4254,24,"['Action', 'Casual', 'Indie']","['GhostTownGamesLtd.', 'Team17']",['Team17'],"['Single-player', 'Multi-player', 'PvP', 'OnlinePvP', 'Shared/SplitScreenPvP', 'Co-op', 'OnlineCo-op', 'Shared/SplitScreenCo-op', 'Shared/SplitScreen', 'SteamAchievements', 'Fullcontrollersupport', 'SteamTradingCards', 'SteamCloud', 'RemotePlayonPhone', 'RemotePlayonTablet', 'RemotePlayonTV', 'RemotePlayTogether', 'FamilySharing']","Aug7,2018",0.005641748942172073
13559,HeroesofMight&MagicIII-HDEdition,13,6136.6923828125,2486,27326,0,9473.7314453125,1.5437846183776855,0,14,"['RPG', 'Strategy']",['Dotemu'],['UbisoftEntertainment'],"['Single-player', 'Multi-player', 'SteamAchievements', 'Includesleveleditor', 'RemotePlayonTablet', 'FamilySharing']","Jan28,2015",0.0056315366049879325
2734,CallofDuty:BlackOpsII,4,11075.25,10723.5,21594,1260,10578.7080078125,0.9551665186882019,21594,59,['Action'],['Treyarch'],['Activision'],"['Single-player', 'Multi-player', 'Co-op', 'SteamAchievements', 'Fullcontrollersupport', 'SteamTradingCards', 'SteamCloud', 'ValveAnti-Cheatenabled', 'SteamLeaderboards', 'RemotePlayonTV', 'FamilySharing']","Nov12,2012",0.005501935002564461
2809,CallofDuty:BlackOpsIII,57,17334.912109375,10824,130352,0,21280.23828125,1.227594256401062,62097,59,"['Action', 'Adventure']","['Treyarch', 'Aspyr(Mac)']","['Activision', 'Aspyr(Mac)']","['Single-player', 'Multi-player', 'Co-op', 'Shared/SplitScreen', 'SteamAchievements', 'Fullcontrollersupport', 'SteamTradingCards', 'SteamWorkshop', 'ValveAnti-Cheatenabled', 'SteamLeaderboards', 'RemotePlayonPhone', 'RemotePlayonTablet', 'RemotePlayonTV', 'RemotePlayTogether', 'FamilySharing']","Nov5,2015",0.005450849963045085
1876,Batman‚Ñ¢:ArkhamOrigins,6,1184.5,554,3140,0,1456.5384521484375,1.2296652793884277,989,3,"['Action', 'Adventure']","['WBGamesMontreal', 'SplashDamage']",['WarnerBros.InteractiveEntertainment'],"['Single-player', 'SteamAchievements', 'Fullcontrollersupport', 'SteamTradingCards', 'SteamCloud', 'SteamLeaderboards', 'FamilySharing']","Oct24,2013",0.005415162454873646
8437,DARKSOULS‚Ñ¢III,62,14809.5,11058.5,94841,0,15790.9794921875,1.06627357006073,34629,59,['Action'],"['FromSoftware,Inc.']","['FromSoftware,Inc.', 'BandaiNamcoEntertainment']","['Single-player', 'Multi-player', 'Co-op', 'SteamAchievements', 'Fullcontrollersupport', 'SteamTradingCards', 'RemotePlayonPhone', 'RemotePlayonTablet', 'RemotePlayonTV', 'FamilySharing']","Apr11,2016",0.005335262467784962
10256,Enshrouded,4,5379,5342,9050,1782,2984.059814453125,0.5547610521316528,5727,28,"['Action', 'Adventure', 'RPG', 'EarlyAccess']",['KeenGamesGmbH'],['KeenGamesGmbH'],"['Single-player', 'Multi-player', 'Co-op', 'OnlineCo-op', 'SteamAchievements', 'Fullcontrollersupport', 'SteamCloud', 'FamilySharing']","24Jan,2024",0.005241482590789966
1732,Back4Blood,10,24980.5,11357,110279,0,35116.671875,1.4057633876800537,22293,59,['Action'],['TurtleRockStudios'],['WarnerBros.Games'],"['Single-player', 'Multi-player', 'PvP', 'OnlinePvP', 'Co-op', 'OnlineCo-op', 'Fullcontrollersupport', 'HDRavailable', 'FamilySharing']","Oct12,2021",0.005195033899797482
20611,SleepingDogs:DefinitiveEdition,3,3012.666748046875,3683,4917,438,2313.51904296875,0.7679306268692017,3683,19,"['Action', 'Adventure', 'Racing']","['UnitedFrontGames', 'FeralInteractive(Mac)']","['SquareEnix', 'FeralInteractive(Mac)']","['Single-player', 'SteamAchievements', 'Fullcontrollersupport', 'SteamLeaderboards', 'RemotePlayonTablet', 'RemotePlayonTV', 'FamilySharing']","Oct8,2014",0.005158837903882704
25228,theHunter:CalloftheWild‚Ñ¢,40,7267.1748046875,3721,43566,0,10984.8642578125,1.5115728378295898,0,19,"['Adventure', 'Simulation', 'Sports']",['ExpansiveWorlds'],['ExpansiveWorlds'],"['Single-player', 'Multi-player', 'Co-op', 'OnlineCo-op', 'SteamAchievements', 'Fullcontrollersupport', 'In-AppPurchases', 'SteamCloud', 'FamilySharing']","Feb16,2017",0.005106154259607632
